feature_index,weight
0,0.16154536604881287
1,0.8531627058982849
2,0.4960004985332489
