feature_index,weight
0,0.2627575099468231
1,0.9054902791976929
2,0.33323541283607483
